{"glyphs":{"ο":{"x_min":30,"x_max":741,"ha":774,"o":"m 395 683 q 645 587 550 683 q 741 337 741 492 q 646 79 741 173 q 385 -15 552 -15 q 127 78 225 -15 q 30 333 30 172 q 129 590 30 498 q 395 683 228 683 m 269 174 q 305 85 275 119 q 386 52 335 52 q 464 85 436 52 q 503 172 491 119 q 510 237 506 194 q 515 336 515 279 q 510 431 515 391 q 503 494 506 472 q 464 581 491 548 q 385 615 436 615 q 291 563 315 615 q 261 459 267 512 q 256 333 256 407 q 269 174 256 248 "},"S":{"x_min":55,"x_max":687,"ha":742,"o":"m 95 251 l 116 251 q 188 116 145 158 q 322 75 231 75 q 438 113 385 75 q 491 211 491 151 q 382 350 491 294 q 168 461 273 407 q 55 664 55 539 q 159 875 55 801 q 409 949 264 949 q 653 891 535 949 q 622 805 635 848 q 598 712 609 762 l 583 712 q 509 818 559 779 q 391 857 459 857 q 283 827 328 857 q 238 738 238 797 q 349 609 238 666 q 570 497 461 551 q 687 295 687 416 q 570 62 687 143 q 292 -18 453 -18 q 171 -8 229 -18 q 55 26 113 1 q 72 116 64 68 q 95 251 80 165 "},"/":{"x_min":-32.953125,"x_max":420,"ha":383,"o":"m 339 1023 l 420 1024 l 47 -126 l -32 -126 l 339 1023 "},"Τ":{"x_min":8,"x_max":738,"ha":749,"o":"m 493 818 q 490 723 493 790 q 487 652 487 656 q 490 427 487 529 q 498 201 494 326 q 503 0 503 77 q 438 2 482 0 q 374 5 395 5 q 317 3 351 5 q 244 0 284 1 q 252 266 244 88 q 261 476 261 444 q 258 670 261 533 q 255 818 255 808 q 158 815 188 818 q 8 801 128 813 l 12 872 l 8 932 q 198 927 70 932 q 373 922 327 922 q 572 927 445 922 q 738 932 700 932 l 733 870 l 738 801 q 493 818 614 818 "},"ϕ":{"x_min":32,"x_max":997,"ha":1028,"o":"m 418 -6 q 146 79 261 -6 q 32 322 32 165 q 143 560 32 474 q 418 664 254 646 q 411 819 418 715 q 404 978 404 923 q 483 970 445 970 q 622 977 556 970 q 616 829 622 938 q 611 664 611 719 q 882 573 768 664 q 997 328 997 483 q 886 90 997 171 q 611 -6 776 9 q 616 -197 611 -68 q 622 -374 622 -326 l 544 -365 q 471 -366 503 -365 q 404 -373 438 -368 q 411 -183 404 -315 q 418 -6 418 -51 m 611 328 l 611 61 q 742 147 704 72 q 780 328 780 222 q 741 510 780 433 q 612 601 703 588 l 611 328 m 418 601 q 287 510 326 588 q 249 328 249 433 q 286 147 249 223 q 416 61 324 72 l 418 328 l 418 601 "},"y":{"x_min":0,"x_max":669.453125,"ha":653,"o":"m 269 -16 l 76 481 q 37 579 58 529 q 0 667 16 629 q 66 664 22 667 q 134 661 111 661 q 201 664 154 661 q 251 667 248 667 q 308 465 277 561 q 380 256 338 368 l 452 463 q 482 562 462 493 q 512 667 502 631 l 577 661 q 623 664 593 661 q 669 667 654 667 q 438 139 536 375 q 244 -373 341 -97 q 165 -368 206 -368 q 132 -368 145 -368 q 86 -373 119 -368 q 145 -277 119 -323 q 195 -176 170 -230 l 269 -16 "},"≈":{"x_min":118.0625,"x_max":1019.453125,"ha":1139,"o":"m 1019 527 q 894 458 956 483 q 766 433 831 433 q 570 477 698 433 q 373 522 443 522 q 238 489 297 522 q 118 417 179 457 l 118 563 q 254 632 187 607 q 391 658 320 658 q 577 614 450 658 q 761 571 704 571 q 886 596 826 571 q 1019 671 945 622 l 1019 527 m 1019 251 q 892 182 952 207 q 766 158 831 158 q 568 202 697 158 q 373 246 440 246 q 251 219 308 246 q 118 140 194 192 l 118 286 q 252 358 187 331 q 387 385 318 385 q 575 339 447 385 q 761 294 704 294 q 886 321 825 294 q 1019 397 947 348 l 1019 251 "},"Π":{"x_min":91,"x_max":957,"ha":1049,"o":"m 105 284 l 105 461 q 102 651 105 534 q 99 784 99 768 l 91 932 q 210 926 129 932 q 331 921 290 921 l 711 921 q 833 926 751 921 q 957 932 915 932 q 948 692 957 857 q 939 465 939 527 q 942 221 939 315 q 957 0 945 127 l 829 5 q 756 2 808 5 q 698 0 703 0 q 707 63 704 33 q 710 130 710 93 l 713 504 l 710 813 l 515 818 l 336 813 q 333 643 336 762 q 331 516 331 523 l 336 130 q 345 0 336 59 q 278 2 322 0 q 215 5 234 5 l 91 0 q 98 146 91 40 q 105 284 105 252 "},"ΐ":{"x_min":-147,"x_max":552,"ha":396,"o":"m 92 126 l 92 543 l 80 666 q 139 661 105 663 q 197 658 173 658 q 265 660 239 658 q 315 666 292 663 q 305 586 308 616 q 302 523 302 557 l 302 113 q 303 72 302 88 q 315 0 305 56 l 196 4 l 82 0 q 88 67 85 30 q 92 126 92 104 m -65 961 q -7 935 -31 961 q 17 877 17 909 q -8 820 17 844 q -65 797 -33 797 q -121 820 -96 797 q -147 879 -147 844 q -123 935 -147 910 q -65 961 -99 961 m 275 1017 q 316 998 298 1017 q 334 957 334 980 q 321 919 334 935 q 283 886 307 903 l 94 755 l 36 755 l 182 950 q 225 998 204 980 q 275 1017 247 1017 m 470 961 q 528 935 504 961 q 552 877 552 910 q 528 820 552 844 q 471 797 504 797 q 413 820 438 797 q 388 879 388 844 q 412 936 388 912 q 470 961 436 961 "},"g":{"x_min":23,"x_max":714.671875,"ha":700,"o":"m 213 272 q 93 331 142 278 q 45 456 45 384 q 128 623 45 563 q 322 683 211 683 l 382 683 l 534 664 l 606 660 q 666 662 641 660 q 714 666 692 665 l 714 585 l 581 589 q 623 543 610 570 q 637 477 637 515 q 541 300 637 353 q 310 248 446 248 q 258 236 281 248 q 236 199 236 225 q 386 142 236 150 q 623 102 536 134 q 711 -68 711 71 q 591 -296 711 -218 q 313 -374 471 -374 q 111 -326 199 -374 q 23 -175 23 -279 q 63 -64 23 -110 q 171 -7 104 -19 l 171 0 q 103 39 130 7 q 76 112 76 70 q 117 201 76 163 q 213 251 159 239 l 213 272 m 169 -143 q 221 -255 169 -215 q 351 -295 274 -295 q 483 -254 427 -295 q 540 -139 540 -214 q 524 -81 540 -107 q 472 -40 508 -54 q 383 -19 437 -25 q 269 -13 330 -13 l 239 -12 q 169 -143 169 -54 m 332 304 q 411 351 392 304 q 431 472 431 399 q 413 581 431 536 q 341 626 395 626 q 267 578 287 626 q 247 466 247 530 q 262 350 247 396 q 332 304 277 304 "},"²":{"x_min":22,"x_max":465.0625,"ha":494,"o":"m 22 401 q 156 502 102 456 q 248 607 210 548 q 287 742 287 667 q 267 825 287 802 q 216 848 248 848 q 146 816 167 848 q 110 725 126 785 l 102 725 l 30 800 q 245 901 116 901 q 385 864 327 901 q 444 751 444 827 q 411 643 444 681 q 201 471 378 604 l 284 471 q 387 473 314 471 q 465 476 459 476 q 456 413 456 439 q 459 383 456 401 q 465 354 462 365 q 331 356 412 354 q 249 358 251 358 l 27 354 l 22 401 "},"Κ":{"x_min":90,"x_max":892.78125,"ha":856,"o":"m 334 716 l 334 515 l 569 787 q 635 866 619 845 q 682 932 651 886 l 767 926 q 817 929 784 926 q 870 932 851 932 q 687 746 790 851 q 503 554 585 641 l 623 377 q 892 0 753 179 l 753 5 q 664 2 727 5 q 595 0 600 0 q 484 190 545 98 q 334 404 424 281 l 334 193 q 348 0 334 94 q 270 2 325 0 q 212 5 215 5 l 90 0 q 99 236 90 69 q 108 461 108 402 q 103 623 108 515 q 99 787 99 731 l 90 932 q 157 927 113 932 q 219 922 201 922 q 282 925 252 922 q 342 932 312 927 q 338 831 342 907 q 334 716 334 755 "},"ë":{"x_min":41,"x_max":684.046875,"ha":729,"o":"m 482 98 q 566 112 532 98 q 643 160 600 126 l 661 151 q 643 96 652 125 q 628 40 634 66 q 521 -1 577 11 q 403 -15 466 -15 q 141 79 241 -15 q 41 336 41 173 q 137 586 41 490 q 386 683 234 683 q 608 601 532 683 q 684 373 684 520 l 684 332 l 267 332 q 325 165 267 232 q 482 98 383 98 m 233 976 q 300 948 272 976 q 328 878 328 920 q 303 811 328 839 q 236 784 278 784 q 166 811 194 784 q 138 878 138 838 q 166 947 138 918 q 233 976 194 976 m 493 976 q 560 948 532 976 q 588 878 588 920 q 562 811 588 838 q 496 784 536 784 q 427 811 455 784 q 399 878 399 838 q 426 946 399 917 q 493 976 454 976 m 478 411 q 481 444 481 422 q 459 566 481 513 q 377 620 438 620 q 292 562 318 620 q 267 437 267 505 l 267 411 l 478 411 "},"e":{"x_min":43,"x_max":686.046875,"ha":729,"o":"m 484 95 q 566 110 531 95 q 644 161 601 125 l 662 154 q 640 84 647 105 q 629 40 634 62 q 522 -1 577 11 q 404 -15 468 -15 q 141 77 240 -15 q 43 336 43 170 q 138 585 43 488 q 387 683 234 683 q 609 602 533 683 q 686 375 686 522 l 684 332 l 269 332 q 326 162 269 230 q 484 95 384 95 m 480 411 l 482 444 q 459 567 482 513 q 379 622 437 622 q 293 565 318 622 q 269 438 269 509 l 269 411 l 480 411 "},"ό":{"x_min":30,"x_max":741,"ha":774,